{
  "project_info": {
    "project_number": "639175147490",
    "firebase_url": "https://travelmantics-18309.firebaseio.com",
    "project_id": "travelmantics-18309",
    "storage_bucket": "travelmantics-18309.appspot.com"
  },
  "client": [
    {
      "client_info": {
        "mobilesdk_app_id": "1:639175147490:android:b4470d06b32c6715",
        "android_client_info": {
          "package_name": "com.example.travelmantics"
        }
      },
      "oauth_client": [
        {
          "client_id": "639175147490-98ar3aho2ss1ejaqkhordnoe5s30at7a.apps.googleusercontent.com",
          "client_type": 1,
          "android_info": {
            "package_name": "com.example.travelmantics",
            "certificate_hash": "4444060cdee885c65135fc821cb48c11643f5211"
          }
        },
        {
          "client_id": "639175147490-9hpuqipt6k9nh2ld29s5is23r5b5qgei.apps.googleusercontent.com",
          "client_type": 3
        }
      ],
      "api_key": [
        {
          "current_key": "AIzaSyD3lzt0OqWKlnPnAXwiVBouYu5_JYfNHIA"
        }
      ],
      "services": {
        "appinvite_service": {
          "other_platform_oauth_client": [
            {
              "client_id": "639175147490-9hpuqipt6k9nh2ld29s5is23r5b5qgei.apps.googleusercontent.com",
              "client_type": 3
            }
          ]
        }
      }
    }
  ],
  "configuration_version": "1"
}